chr,start,end,name,score,strand,signalValue,pValue,qValue,peak,width
GL000214.1,71738,71991,SRR502327_peak_1,76,.,4.57084,11.7531,7.64606,176,253
GL000220.1,103460,103720,SRR502327_peak_2,63,.,3.56283,10.3853,6.31378,119,260
KI270333.1,452,658,SRR502327_peak_3,58,.,2.09492,9.88141,5.82778,63,206
KI270337.1,151,757,SRR502327_peak_4,63,.,1.94985,10.4124,6.34033,385,606
KI270435.1,92499,92814,SRR502327_peak_5,80,.,4.48074,12.1441,8.03127,117,315
KI270438.1,104070,104274,SRR502327_peak_6,231,.,2.20674,27.4712,23.1805,56,204
KI270438.1,104798,105513,SRR502327_peak_7,254,.,2.22557,29.7164,25.4077,322,715
KI270438.1,105559,105809,SRR502327_peak_8,229,.,2.5525,27.2745,22.9851,69,250
KI270438.1,109616,110807,SRR502327_peak_9,164,.,1.81165,20.7019,16.4677,651,1191
KI270438.1,111201,112166,SRR502327_peak_10,211,.,1.92323,25.3854,21.1117,198,965
KI270442.1,36501,36722,SRR502327_peak_11,71,.,5.57775,11.2009,7.10917,56,221
KI270442.1,90030,90255,SRR502327_peak_12,48,.,2.98613,8.84055,4.82139,63,225
KI270442.1,94790,94990,SRR502327_peak_13,69,.,4.0153,11.0828,6.99437,64,200
KI270729.1,2188,2597,SRR502327_peak_14,118,.,3.7101,15.9949,11.8143,284,409
KI270729.1,22527,22739,SRR502327_peak_15,74,.,2.89459,11.533,7.4317,169,212
KI270729.1,222422,222762,SRR502327_peak_16,90,.,6.4061,13.1414,9.00522,181,340
KI270734.1,116797,116997,SRR502327_peak_17,99,.,6.23756,14.0695,9.91752,20,200
KI270734.1,121493,121910,SRR502327_peak_18,130,.,7.62631,17.2009,13.0029,175,417
KI270744.1,11234,11459,SRR502327_peak_19,95,.,6.48579,13.7093,9.56344,60,225
KI270744.1,11760,12226,SRR502327_peak_20,99,.,6.71115,14.1284,9.97448,292,466
KI270744.1,12281,12482,SRR502327_peak_21,50,.,5.01174,9.08947,5.06372,55,201
KI270744.1,13309,13581,SRR502327_peak_22,58,.,4.75415,9.91267,5.85602,195,272
KI270744.1,20176,20417,SRR502327_peak_23,136,.,6.79165,17.8471,13.6419,74,241
KI270751.1,32049,32305,SRR502327_peak_24,93,.,5.41438,13.4855,9.34306,165,256
chr1,1012975,1013736,SRR502327_peak_25,3838,.,38.1965,390.94,383.885,367,761
chr1,1778799,1779147,SRR502327_peak_26,470,.,16.1678,51.65,47.0297,175,348
chr1,6359674,6359924,SRR502327_peak_27,44,.,3.0893,8.46295,4.46153,165,250
chr1,6752390,6752610,SRR502327_peak_28,173,.,10.7524,21.5855,17.3439,80,220
chr1,8752473,8752838,SRR502327_peak_29,1080,.,28.6749,113.403,108.081,192,365
chr1,11731646,11731997,SRR502327_peak_30,422,.,13.7746,46.7563,42.23,161,351
chr1,21343430,21343849,SRR502327_peak_31,1129,.,29.5901,118.277,112.926,189,419
chr1,23958974,23959215,SRR502327_peak_32,137,.,6.11923,17.996,13.7884,131,241
chr1,25096964,25097164,SRR502327_peak_33,102,.,7.62387,14.397,10.2406,118,200
chr1,25355861,25356266,SRR502327_peak_34,1756,.,24.0886,181.297,175.624,199,405
chr1,27671989,27672585,SRR502327_peak_35,3858,.,32.3908,392.971,385.887,323,596
chr1,31241345,31241649,SRR502327_peak_36,530,.,21.318,57.7774,53.0437,143,304
chr1,35637423,35637702,SRR502327_peak_37,84,.,4.40477,12.5491,8.42398,134,279
chr1,36089614,36089936,SRR502327_peak_38,339,.,10.4277,38.3721,33.9737,153,322
chr1,40845242,40845528,SRR502327_peak_39,294,.,7.53091,33.8105,29.4655,116,286
chr1,47570816,47571048,SRR502327_peak_40,158,.,9.22988,20.0873,15.8588,87,232
chr1,52402292,52402600,SRR502327_peak_41,151,.,7.98645,19.3622,15.1404,182,308
chr1,54377050,54377581,SRR502327_peak_42,1222,.,22.0452,127.62,122.22,222,531
chr1,78620148,78620543,SRR502327_peak_43,656,.,27.8169,70.5817,65.6066,193,395
chr1,84506285,84506586,SRR502327_peak_44,123,.,6.81549,16.5438,12.3545,130,301
chr1,88983978,88984192,SRR502327_peak_45,69,.,4.81278,11.0345,6.94659,95,214
chr1,92317989,92318196,SRR502327_peak_46,29,.,3.8486,6.87252,2.95696,131,207
chr1,92903315,92903618,SRR502327_peak_47,259,.,13.0974,30.2821,25.9685,139,303
chr1,93042454,93042767,SRR502327_peak_48,361,.,13.9055,40.5899,36.1658,160,313
chr1,99374139,99374527,SRR502327_peak_49,446,.,19.6348,49.2557,44.6935,197,388
chr1,100065368,100065713,SRR502327_peak_50,163,.,9.21169,20.5895,16.3566,193,345
chr1,109025775,109026017,SRR502327_peak_51,161,.,8.54146,20.4259,16.1938,137,242
chr1,112938208,112938573,SRR502327_peak_52,571,.,12.098,62.0085,57.1796,201,365
chr1,116827251,116827496,SRR502327_peak_53,80,.,4.85939,12.1567,8.04284,102,245
chr1,121263872,121264206,SRR502327_peak_54,285,.,9.42503,32.8775,28.541,154,334
chr1,123070620,123070874,SRR502327_peak_55,124,.,8.12229,16.6413,12.4506,181,254
chr1,145016062,145016462,SRR502327_peak_56,248,.,7.83573,29.2036,24.8979,164,400
chr1,145979406,145979840,SRR502327_peak_57,232,.,6.42558,27.5653,23.2717,213,434
chr1,145996474,145996867,SRR502327_peak_58,2109,.,21.157,216.812,210.96,183,393
chr1,149962146,149962391,SRR502327_peak_59,175,.,7.6972,21.765,17.5202,116,245
chr1,154607893,154608420,SRR502327_peak_60,2130,.,48.3531,218.935,213.07,316,527
chr1,159009705,159010045,SRR502327_peak_61,324,.,11.6954,36.8349,32.457,141,340
chr1,161386610,161386839,SRR502327_peak_62,186,.,9.92028,22.9488,18.6948,74,229
chr1,169368271,169368729,SRR502327_peak_63,634,.,17.6698,68.3396,63.4101,232,458
chr1,173532299,173532545,SRR502327_peak_64,119,.,7.32125,16.1589,11.9749,114,246
chr1,173670654,173671407,SRR502327_peak_65,3770,.,51.2646,384.016,377.039,478,753
chr1,179881915,179882115,SRR502327_peak_66,113,.,4.95537,15.5224,11.3484,82,200
chr1,185334133,185334512,SRR502327_peak_67,732,.,15.838,78.2668,73.2027,183,379
chr1,196558403,196558739,SRR502327_peak_68,401,.,18.2323,44.5864,40.108,163,336
chr1,203521550,203521750,SRR502327_peak_69,81,.,6.64551,12.3202,8.19995,111,200
chr1,205247308,205247620,SRR502327_peak_70,218,.,10.0667,26.0979,21.8173,131,312
chr1,206282343,206282714,SRR502327_peak_71,344,.,9.89876,38.8222,34.4201,174,371
chr1,206816823,206817143,SRR502327_peak_72,429,.,10.1564,47.4553,42.9281,153,320
chr1,212491521,212491766,SRR502327_peak_73,175,.,10.546,21.7857,17.5408,127,245
chr1,213070417,213070686,SRR502327_peak_74,92,.,4.28372,13.3891,9.24831,170,269
chr1,229305479,229305753,SRR502327_peak_75,165,.,9.63507,20.7889,16.5537,132,274
chr1,234400811,234401111,SRR502327_peak_76,155,.,6.47919,19.7826,15.5573,152,300
chr1,234671321,234671635,SRR502327_peak_77,305,.,11.1067,34.9343,30.5813,166,314
chr1,236913803,236914077,SRR502327_peak_78,212,.,8.0213,25.5741,21.2986,122,274
chr1,247218158,247218526,SRR502327_peak_79,569,.,22.6368,61.7293,56.9077,186,368
chr1,247360101,247360494,SRR502327_peak_80,997,.,18.2834,105.008,99.7375,190,393
chr10,3828813,3829214,SRR502327_peak_81,723,.,12.7643,77.4378,72.3891,216,401
chr10,3932996,3933419,SRR502327_peak_82,1474,.,45.5036,152.931,147.409,198,423
chr10,6163646,6163926,SRR502327_peak_83,223,.,8.22183,26.5874,22.3025,160,280
chr10,11604827,11605081,SRR502327_peak_84,161,.,8.51189,20.37,16.1391,122,254
chr10,14954180,14954435,SRR502327_peak_85,139,.,5.8768,18.1808,13.9722,121,255
chr10,17345745,17345945,SRR502327_peak_86,65,.,6.54492,10.6093,6.53109,167,200
chr10,24737042,24737446,SRR502327_peak_87,1247,.,38.8698,130.195,124.778,197,404
chr10,24867272,24867619,SRR502327_peak_88,547,.,12.4066,59.5299,54.7617,156,347
chr10,27155936,27156169,SRR502327_peak_89,129,.,8.1488,17.1744,12.9777,153,233
chr10,42082449,42082707,SRR502327_peak_90,122,.,2.9698,16.4643,12.277,93,258
chr10,42654500,42654768,SRR502327_peak_91,86,.,3.55107,12.7577,8.6297,149,268
chr10,50326970,50327184,SRR502327_peak_92,120,.,4.1772,16.254,12.0685,68,214
chr10,51380662,51380872,SRR502327_peak_93,106,.,8.39441,14.7875,10.6255,98,210
chr10,70578478,70578765,SRR502327_peak_94,92,.,4.28372,13.3891,9.24831,102,287
chr10,78959299,78959593,SRR502327_peak_95,586,.,14.6389,63.5127,58.6527,136,294
chr10,86775213,86775525,SRR502327_peak_96,184,.,6.4224,22.7073,18.4556,186,312
chr10,89301853,89302135,SRR502327_peak_97,168,.,9.19491,21.098,16.8605,137,282
chr10,89327613,89328358,SRR502327_peak_98,2917,.,44.9193,297.934,291.725,284,745
chr10,89332192,89332685,SRR502327_peak_99,1032,.,27.7598,108.57,103.278,264,493
chr10,89392228,89392807,SRR502327_peak_100,1238,.,34.721,129.212,123.803,321,579
chr10,89414190,89414811,SRR502327_peak_101,2299,.,50.0286,235.857,229.912,371,621
chr10,92211232,92211586,SRR502327_peak_102,672,.,18.7127,72.2833,67.2973,185,354
chr10,92938851,92939051,SRR502327_peak_103,94,.,8.18145,13.6424,9.49733,96,200
chr10,95308680,95308904,SRR502327_peak_104,80,.,4.85939,12.1567,8.04284,119,224
chr10,96673883,96674114,SRR502327_peak_105,142,.,8.86426,18.4137,14.2027,104,231
chr10,97427948,97428148,SRR502327_peak_106,72,.,6.76042,11.3226,7.22607,56,200
chr10,99619292,99619496,SRR502327_peak_107,122,.,8.88239,16.48,12.2914,116,204
chr10,100267741,100268112,SRR502327_peak_108,99,.,5.06058,14.0632,9.91249,53,371
chr10,101072312,101072562,SRR502327_peak_109,170,.,9.59907,21.2707,17.032,104,250
chr10,102193230,102193601,SRR502327_peak_110,724,.,21.6587,77.5171,72.4666,178,371
chr10,102781223,102781588,SRR502327_peak_111,184,.,6.4224,22.7073,18.4556,192,365
chr10,110368068,110368382,SRR502327_peak_112,418,.,16.6138,46.3347,41.8284,166,314
chr10,113091880,113092290,SRR502327_peak_113,517,.,14.4888,56.4092,51.7089,187,410
chr10,124510607,124510833,SRR502327_peak_114,87,.,7.47991,12.8805,8.74991,76,226
chr11,307966,308220,SRR502327_peak_115,256,.,12.1834,29.9813,25.6697,143,254
chr11,313783,314270,SRR502327_peak_116,3164,.,44.2744,322.881,316.482,221,487
chr11,320720,321137,SRR502327_peak_117,1206,.,22.1372,126.038,120.646,202,417
chr11,356235,356607,SRR502327_peak_118,256,.,12.1834,29.9813,25.6697,177,372
chr11,615466,615883,SRR502327_peak_119,1256,.,28.8487,131.024,125.604,199,417
chr11,1326322,1326559,SRR502327_peak_120,110,.,8.4149,15.2564,11.0844,166,237
chr11,4393465,4393957,SRR502327_peak_121,1171,.,25.1291,122.48,117.106,207,492
chr11,5624656,5625143,SRR502327_peak_122,1995,.,29.5472,205.308,199.517,261,487
chr11,5684924,5685223,SRR502327_peak_123,150,.,5.82497,19.2514,15.0311,158,299
chr11,5689560,5689946,SRR502327_peak_124,1130,.,26.7695,118.408,113.056,193,386
chr11,31612695,31613057,SRR502327_peak_125,247,.,14.1812,29.0116,24.7076,177,362
chr11,34309319,34309660,SRR502327_peak_126,637,.,19.8284,68.6479,63.7161,174,341
chr11,46560741,46560957,SRR502327_peak_127,194,.,8.83829,23.6766,19.4173,138,216
chr11,57566027,57566502,SRR502327_peak_128,2056,.,30.2002,211.523,205.698,271,475
chr11,59667006,59667251,SRR502327_peak_129,172,.,8.84652,21.5319,17.2918,128,245
chr11,60952301,60952543,SRR502327_peak_130,71,.,6.27632,11.2952,7.19878,88,242
chr11,64996864,64997255,SRR502327_peak_131,1549,.,23.2999,160.47,154.909,192,391
chr11,65928062,65928448,SRR502327_peak_132,547,.,13.1383,59.5231,54.7559,196,386
chr11,68003527,68003761,SRR502327_peak_133,122,.,8.88239,16.48,12.2914,122,234
chr11,78024459,78024776,SRR502327_peak_134,353,.,16.2584,39.7646,35.3569,146,317
chr11,78645336,78645587,SRR502327_peak_135,231,.,6.63741,27.4106,23.1204,76,251
chr11,81202248,81202452,SRR502327_peak_136,80,.,6.10105,12.1744,8.05874,21,204
chr11,82792854,82793168,SRR502327_peak_137,390,.,15.8754,43.5025,39.0311,147,314
chr11,82833081,82833404,SRR502327_peak_138,349,.,14.7678,39.3297,34.924,150,323
chr11,102447283,102447539,SRR502327_peak_139,281,.,13.9913,32.4539,28.1212,115,256
chr11,102564198,102564508,SRR502327_peak_140,256,.,12.1834,29.9813,25.6697,175,310
chr11,108070047,108070342,SRR502327_peak_141,218,.,10.0667,26.0979,21.8173,142,295
chr11,113373857,113374245,SRR502327_peak_142,680,.,20.7436,73.054,68.0501,197,388
chr11,117173036,117173449,SRR502327_peak_143,1365,.,21.3582,142.003,136.532,212,413
chr11,119024640,119024995,SRR502327_peak_144,461,.,10.6044,50.7256,46.1343,163,355
chr12,6336169,6336455,SRR502327_peak_145,117,.,6.33887,15.9713,11.792,164,286
chr12,7606142,7606377,SRR502327_peak_146,119,.,7.32125,16.1589,11.9749,137,235
chr12,9898217,9898464,SRR502327_peak_147,146,.,6.29921,18.8832,14.6681,112,247
chr12,10613610,10613895,SRR502327_peak_148,253,.,10.9819,29.6596,25.3513,116,285
chr12,12800530,12800764,SRR502327_peak_149,99,.,6.71115,14.1284,9.97448,105,234
chr12,14284547,14284897,SRR502327_peak_150,357,.,16.0549,40.139,35.7176,169,350
chr12,31754531,31754792,SRR502327_peak_151,231,.,12.8971,27.4465,23.1558,142,261
chr12,33588000,33588758,SRR502327_peak_152,504,.,11.2019,55.1704,50.4782,516,758
chr12,33606767,33607054,SRR502327_peak_153,130,.,7.62631,17.2009,13.0029,141,287
chr12,33627159,33627361,SRR502327_peak_154,102,.,7.3839,14.4387,10.2803,107,202
chr12,52416518,52416798,SRR502327_peak_155,147,.,10.3632,18.9322,14.7154,144,280
chr12,56360228,56360655,SRR502327_peak_156,1834,.,23.6139,189.148,183.434,209,427
chr12,62264789,62265071,SRR502327_peak_157,246,.,10.6131,28.9448,24.643,135,282
chr12,64218681,64218978,SRR502327_peak_158,304,.,14.1735,34.7845,30.4317,125,297
chr12,71904630,71904929,SRR502327_peak_159,192,.,6.85626,23.5089,19.2505,154,299
chr12,82247949,82248315,SRR502327_peak_160,203,.,12.5449,24.5793,20.3116,180,366
chr12,91562482,91562777,SRR502327_peak_161,226,.,8.82914,26.9419,22.6553,127,295
chr12,96375920,96376180,SRR502327_peak_162,146,.,6.29921,18.8832,14.6681,123,260
chr12,96401114,96401403,SRR502327_peak_163,248,.,7.46791,29.1293,24.8242,154,289
chr12,103807877,103808140,SRR502327_peak_164,66,.,4.98054,10.7248,6.64205,108,263
chr12,112130422,112130792,SRR502327_peak_165,106,.,6.20617,14.8401,10.6778,102,370
chr12,112906718,112907174,SRR502327_peak_166,2795,.,43.5156,285.727,279.585,219,456
chr12,112938096,112938665,SRR502327_peak_167,4170,.,69.417,424.618,417.018,249,569
chr12,112978139,112978989,SRR502327_peak_168,2203,.,36.4969,226.23,220.33,319,850
chr12,121039059,121039476,SRR502327_peak_169,757,.,23.8387,80.8176,75.7345,238,417
chr12,121060060,121060395,SRR502327_peak_170,240,.,8.09898,28.374,24.0766,149,335
chr12,124920148,124920421,SRR502327_peak_171,257,.,7.2954,30.062,25.7502,94,273
chr12,127083347,127083690,SRR502327_peak_172,438,.,9.04341,48.368,43.8124,161,343
chr12,129337300,129337712,SRR502327_peak_173,446,.,19.6348,49.2557,44.6935,179,412
chr13,18211912,18212156,SRR502327_peak_174,150,.,5.82497,19.2514,15.0311,133,244
chr13,18212214,18212421,SRR502327_peak_175,117,.,6.75736,15.9775,11.7969,53,207
chr13,18213210,18213412,SRR502327_peak_176,90,.,6.4061,13.1414,9.00522,178,202
chr13,18215018,18215407,SRR502327_peak_177,132,.,8.87245,17.4239,13.2242,83,389
chr13,32315806,32316040,SRR502327_peak_178,124,.,8.12229,16.6413,12.4506,66,234
chr13,42992114,42992549,SRR502327_peak_179,649,.,24.8561,69.9017,64.9463,197,435
chr13,49495760,49496089,SRR502327_peak_180,339,.,13.1172,38.3716,33.9735,153,329
chr13,52362153,52362438,SRR502327_peak_181,133,.,9.81775,17.5734,13.3725,171,285
chr13,67340235,67340620,SRR502327_peak_182,2319,.,68.6367,237.925,231.972,196,385
chr13,67348222,67348647,SRR502327_peak_183,1794,.,58.0772,185.119,179.428,209,425
chr13,90293895,90294239,SRR502327_peak_184,529,.,14.7152,57.6888,52.9552,182,344
chr14,24160950,24161438,SRR502327_peak_185,4484,.,53.8706,457.449,448.435,233,488
chr14,24250945,24251223,SRR502327_peak_186,115,.,8.43331,15.7404,11.5628,146,278
chr14,35294317,35294535,SRR502327_peak_187,127,.,7.01725,16.9561,12.7617,128,218
chr14,36361176,36361460,SRR502327_peak_188,151,.,8.23641,19.335,15.1135,186,284
chr14,58245079,58245305,SRR502327_peak_189,119,.,7.54021,16.0924,11.9101,162,226
chr14,65081470,65081735,SRR502327_peak_190,302,.,12.2021,34.5731,30.2215,106,265
chr14,67567249,67567545,SRR502327_peak_191,339,.,17.4538,38.3035,33.9067,128,296
chr14,70692236,70692436,SRR502327_peak_192,45,.,4.88084,8.52682,4.52168,156,200
chr14,89158844,89159090,SRR502327_peak_193,102,.,7.3839,14.4387,10.2803,81,246
chr14,91114421,91114772,SRR502327_peak_194,231,.,8.82789,27.4898,23.199,153,351
chr14,93103761,93103961,SRR502327_peak_195,76,.,7.01241,11.731,7.62463,53,200
chr14,94110384,94110924,SRR502327_peak_196,4245,.,89.2825,432.411,424.532,245,540
chr14,96817893,96818243,SRR502327_peak_197,524,.,15.8538,57.1981,52.4683,179,350
chr14,96830974,96831235,SRR502327_peak_198,259,.,9.78666,30.2234,25.9101,152,261
chr14,100375320,100375593,SRR502327_peak_199,145,.,7.01804,18.8065,14.5923,161,273
chr15,27396514,27396800,SRR502327_peak_200,186,.,11.2199,22.91,18.6561,115,286
chr15,34047474,34047809,SRR502327_peak_201,306,.,8.36406,34.9707,30.6173,154,335
chr15,41971424,41971748,SRR502327_peak_202,488,.,18.8847,53.5315,48.8755,167,324
chr15,43133408,43133682,SRR502327_peak_203,137,.,6.11923,17.996,13.7884,130,274
chr15,44711307,44711520,SRR502327_peak_204,92,.,3.9555,13.3753,9.23464,63,213
chr15,44728603,44729063,SRR502327_peak_205,3895,.,42.8089,396.701,389.585,226,460
chr15,50247798,50248098,SRR502327_peak_206,314,.,12.5071,35.8289,31.4628,199,300
chr15,51731843,51732134,SRR502327_peak_207,229,.,7.50924,27.2677,22.9789,117,291
chr15,67670714,67670949,SRR502327_peak_208,127,.,6.21651,16.9698,12.7748,96,235
chr15,68114416,68114702,SRR502327_peak_209,193,.,6.57176,23.5967,19.3376,145,286
chr15,73994586,73994932,SRR502327_peak_210,498,.,10.599,54.4843,49.8208,163,346
chr15,75125317,75125628,SRR502327_peak_211,538,.,17.693,58.6039,53.8411,148,311
chr15,77613403,77613646,SRR502327_peak_212,173,.,10.7524,21.5855,17.3439,164,243
chr15,81107815,81108192,SRR502327_peak_213,1106,.,18.5204,115.947,110.61,184,377
chr15,81322811,81323037,SRR502327_peak_214,165,.,7.47081,20.7658,16.5307,126,226
chr15,88640030,88640339,SRR502327_peak_215,216,.,8.60275,25.8834,21.6058,135,309
chr15,90184103,90184452,SRR502327_peak_216,356,.,9.11085,40.0506,35.6301,174,349
chr15,91472376,91472875,SRR502327_peak_217,1377,.,34.1659,143.227,137.75,289,499
chr15,97960317,97960638,SRR502327_peak_218,1044,.,16.9308,109.763,104.464,159,321
chr16,3263668,3264055,SRR502327_peak_219,278,.,8.32546,32.174,27.8424,239,387
chr16,9085236,9085468,SRR502327_peak_220,152,.,9.81451,19.4985,15.276,140,232
chr16,10501140,10501476,SRR502327_peak_221,232,.,9.61624,27.5257,23.2322,146,336
chr16,11256266,11256542,SRR502327_peak_222,92,.,7.01471,13.3684,9.22773,124,276
chr16,11297456,11297837,SRR502327_peak_223,1356,.,22.5277,141.103,135.635,192,381
chr16,11312624,11313041,SRR502327_peak_224,1194,.,30.8103,124.839,119.452,222,417
chr16,17828048,17828430,SRR502327_peak_225,337,.,11.093,38.0877,33.7006,189,382
chr16,20175251,20175573,SRR502327_peak_226,585,.,25.1144,63.4189,58.5811,153,322
chr16,22010944,22011216,SRR502327_peak_227,217,.,12.0451,26.0192,21.741,127,272
chr16,22618942,22619167,SRR502327_peak_228,147,.,7.53705,18.9599,14.742,91,225
chr16,23557367,23557688,SRR502327_peak_229,561,.,14.2378,60.9926,56.1932,169,321
chr16,24539312,24539566,SRR502327_peak_230,80,.,4.48074,12.1441,8.03127,92,254
chr16,31022541,31022850,SRR502327_peak_231,477,.,12.0585,52.3839,47.7589,157,309
chr16,34582030,34582247,SRR502327_peak_232,96,.,1.86434,13.7544,9.60809,179,217
chr16,34586619,34586897,SRR502327_peak_233,138,.,1.98937,18.0671,13.8595,73,278
chr16,34587883,34588150,SRR502327_peak_234,72,.,1.66789,11.307,7.21054,191,267
chr16,46387490,46387791,SRR502327_peak_235,119,.,1.99899,16.1584,11.9749,195,301
chr16,46390096,46390659,SRR502327_peak_236,133,.,1.81595,17.5429,13.3429,297,563
chr16,46394333,46394545,SRR502327_peak_237,106,.,1.92337,14.8424,10.6801,172,212
chr16,46394621,46394833,SRR502327_peak_238,158,.,2.00926,20.0534,15.8257,37,212
chr16,46399634,46399845,SRR502327_peak_239,89,.,1.88179,13.0868,8.95355,26,211
chr16,46399910,46400122,SRR502327_peak_240,57,.,1.67922,9.83981,5.78738,192,212
chr16,46400170,46400407,SRR502327_peak_241,91,.,1.78569,13.3221,9.18346,55,237
chr16,46400754,46401068,SRR502327_peak_242,33,.,1.52527,7.29025,3.35418,80,314
chr16,46401202,46401467,SRR502327_peak_243,54,.,1.6072,9.46243,5.42221,227,265
chr16,48608561,48608908,SRR502327_peak_244,529,.,14.7152,57.6888,52.9552,170,347
chr16,50665292,50665714,SRR502327_peak_245,1051,.,16.2106,110.416,105.114,204,422
chr16,50666704,50667078,SRR502327_peak_246,503,.,18.8289,55.0536,50.3623,232,374
chr16,70404520,70404819,SRR502327_peak_247,314,.,12.5071,35.8289,31.4628,146,299
chr17,2089511,2089794,SRR502327_peak_248,110,.,5.81544,15.1985,11.0281,100,283
chr17,6755851,6756342,SRR502327_peak_249,593,.,15.8472,64.1842,59.3205,173,491
chr17,6981485,6981723,SRR502327_peak_250,111,.,8.73846,15.3527,11.1802,91,238
chr17,7579459,7579694,SRR502327_peak_251,233,.,8.42237,27.6111,23.317,108,235
chr17,13513075,13513457,SRR502327_peak_252,62,.,5.49094,10.3042,6.2335,190,382
chr17,20707047,20707371,SRR502327_peak_253,462,.,20.1023,50.8329,46.2396,152,324
chr17,21921546,21921755,SRR502327_peak_254,66,.,4.98054,10.7248,6.64205,16,209
chr17,27631034,27631352,SRR502327_peak_255,103,.,7.98945,14.5581,10.3982,170,318
chr17,28268213,28268621,SRR502327_peak_256,1704,.,42.9096,176.048,170.403,211,408
chr17,32127314,32127736,SRR502327_peak_257,1848,.,29.8762,190.592,184.872,193,422
chr17,32964004,32964459,SRR502327_peak_258,1177,.,27.5492,123.109,117.731,238,455
chr17,35244342,35244719,SRR502327_peak_259,826,.,26.582,87.7687,82.6258,191,377
chr17,35433653,35433928,SRR502327_peak_260,243,.,9.87614,28.6518,24.351,128,275
chr17,35537670,35537976,SRR502327_peak_261,337,.,11.093,38.0877,33.7006,142,306
chr17,39916469,39916779,SRR502327_peak_262,178,.,8.31675,22.0742,17.8271,135,310
chr17,40140053,40140253,SRR502327_peak_263,55,.,4.93807,9.62039,5.57149,51,200
chr17,41490657,41491042,SRR502327_peak_264,302,.,12.2021,34.5731,30.2215,187,385
chr17,42112508,42113018,SRR502327_peak_265,1595,.,21.4439,165.123,159.538,235,510
chr17,43006601,43006987,SRR502327_peak_266,594,.,12.3967,64.3311,59.4658,183,386
chr17,48308651,48308851,SRR502327_peak_267,98,.,6.88454,14.0083,9.85981,105,200
chr17,49739516,49739920,SRR502327_peak_268,699,.,13.0767,74.9991,69.9721,159,404
chr17,56832499,56832774,SRR502327_peak_269,269,.,9.7347,31.2824,26.9588,152,275
chr17,56913838,56914246,SRR502327_peak_270,885,.,26.6665,93.6934,88.5013,186,408
chr17,58420970,58421200,SRR502327_peak_271,71,.,6.27632,11.2952,7.19878,140,230
chr17,62479923,62480183,SRR502327_peak_272,194,.,8.58247,23.6863,19.4264,136,260
chr17,75783183,75783472,SRR502327_peak_273,174,.,6.52978,21.6895,17.4466,153,289
chr17,78979825,78980152,SRR502327_peak_274,461,.,10.6044,50.7256,46.1343,151,327
chr17,80263383,80263752,SRR502327_peak_275,617,.,12.6954,66.6745,61.776,180,369
chr17,82419545,82419772,SRR502327_peak_276,95,.,4.46749,13.6771,9.5317,86,227
chr18,2641616,2642073,SRR502327_peak_277,1766,.,31.0825,182.305,176.629,229,457
chr18,10626485,10626798,SRR502327_peak_278,365,.,13.7274,40.9542,36.5272,175,313
chr18,49072516,49072814,SRR502327_peak_279,250,.,8.27896,29.3792,25.0728,133,298
chr18,55477517,55477808,SRR502327_peak_280,119,.,7.32125,16.1589,11.9749,142,291
chr18,62506177,62506876,SRR502327_peak_281,3648,.,71.3822,371.667,364.886,268,699
chr18,77984709,77985004,SRR502327_peak_282,147,.,9.81738,18.9925,14.7733,111,295
chr19,4841046,4841280,SRR502327_peak_283,127,.,6.21651,16.9698,12.7748,94,234
chr19,10086080,10086480,SRR502327_peak_284,891,.,25.0143,94.3329,89.1347,179,400
chr19,11581764,11581984,SRR502327_peak_285,158,.,9.22988,20.0873,15.8588,142,220
chr19,16143533,16143792,SRR502327_peak_286,269,.,12.5526,31.2808,26.9577,100,259
chr19,16464567,16464932,SRR502327_peak_287,153,.,10.1975,19.6214,15.3981,185,365
chr19,17405560,17406138,SRR502327_peak_288,2288,.,26.2973,234.753,228.811,200,578
chr19,19661832,19662177,SRR502327_peak_289,404,.,14.6425,44.8989,40.4032,163,345
chr19,39296132,39296354,SRR502327_peak_290,92,.,7.01471,13.3684,9.22773,97,222
chr19,40433700,40434028,SRR502327_peak_291,216,.,8.60275,25.8834,21.6058,164,328
chr19,41220929,41221131,SRR502327_peak_292,92,.,7.25578,13.3455,9.20654,83,202
chr19,46714429,46714782,SRR502327_peak_293,562,.,20.3057,61.0371,56.2364,153,353
chr19,47515310,47515767,SRR502327_peak_294,3312,.,59.2568,337.776,331.258,245,457
chr19,50173138,50173465,SRR502327_peak_295,327,.,12.8122,37.0952,32.7134,162,327
chr19,51224296,51224661,SRR502327_peak_296,515,.,11.3512,56.2962,51.5968,197,365
chr2,6865341,6866016,SRR502327_peak_297,3190,.,52.2957,325.453,319.033,461,675
chr2,6877420,6877893,SRR502327_peak_298,1958,.,33.4889,201.595,195.824,234,473
chr2,9764084,9764471,SRR502327_peak_299,607,.,21.4133,65.6074,60.7135,199,387
chr2,11500695,11501031,SRR502327_peak_300,247,.,9.28192,29.0913,24.7866,166,336
chr2,12277468,12277816,SRR502327_peak_301,481,.,8.60321,52.7454,48.1177,165,348
chr2,17579567,17579784,SRR502327_peak_302,81,.,6.64551,12.3202,8.19995,88,217
chr2,20576705,20577004,SRR502327_peak_303,121,.,5.09302,16.296,12.1093,177,299
chr2,26336048,26336367,SRR502327_peak_304,348,.,16.3933,39.2772,34.8728,165,319
chr2,26412241,26412576,SRR502327_peak_305,183,.,6.69302,22.594,18.3441,178,335
chr2,26492986,26493204,SRR502327_peak_306,65,.,4.49943,10.6212,6.54199,93,218
chr2,26493495,26494073,SRR502327_peak_307,3202,.,37.0276,326.734,320.298,247,578
chr2,30438166,30438425,SRR502327_peak_308,127,.,7.01725,16.9561,12.7617,98,259
chr2,30627177,30627540,SRR502327_peak_309,218,.,11.0759,26.1619,21.8807,181,363
chr2,37156842,37157171,SRR502327_peak_310,552,.,17.9981,60.0175,55.2229,144,329
chr2,38652546,38652789,SRR502327_peak_311,137,.,7.27715,17.9505,13.7435,82,243
chr2,45567985,45568190,SRR502327_peak_312,123,.,5.55031,16.496,12.3069,53,205
chr2,48265827,48266045,SRR502327_peak_313,168,.,7.18271,21.066,16.8286,120,218
chr2,55460694,55460894,SRR502327_peak_314,72,.,4.67941,11.3809,7.28136,59,200
chr2,55693637,55694135,SRR502327_peak_315,4046,.,65.1648,411.996,404.678,295,498
chr2,57908754,57909034,SRR502327_peak_316,229,.,12.428,27.2668,22.9783,119,280
chr2,68737733,68737979,SRR502327_peak_317,186,.,11.2199,22.91,18.6561,133,246
chr2,75310837,75311208,SRR502327_peak_318,875,.,24.7092,92.7766,87.5877,173,371
chr2,82780107,82780333,SRR502327_peak_319,133,.,9.81775,17.5734,13.3725,79,226
chr2,85564210,85564426,SRR502327_peak_320,97,.,6.35386,13.88,9.73281,113,216
chr2,85994025,85994326,SRR502327_peak_321,350,.,10.6282,39.4964,35.0901,158,301
chr2,86584125,86584427,SRR502327_peak_322,324,.,11.6954,36.8349,32.457,118,302
chr2,87237754,87238067,SRR502327_peak_323,114,.,5.38706,15.6721,11.4952,141,313
chr2,87485865,87486204,SRR502327_peak_324,266,.,10.3959,30.9377,26.6181,175,339
chr2,96486032,96486397,SRR502327_peak_325,617,.,13.386,66.6751,61.7762,171,365
chr2,98560373,98560711,SRR502327_peak_326,513,.,13.4357,56.0259,51.3283,147,338
chr2,109199559,109199826,SRR502327_peak_327,34,.,2.90207,7.40074,3.4589,107,267
chr2,111727775,111728054,SRR502327_peak_328,165,.,7.47081,20.7658,16.5307,130,279
chr2,112542143,112542503,SRR502327_peak_329,476,.,10.3237,52.3098,47.6858,209,360
chr2,113078515,113078896,SRR502327_peak_330,547,.,19.9365,59.5291,54.7613,186,381
chr2,118784835,118785128,SRR502327_peak_331,160,.,10.2849,20.2794,16.0496,118,293
chr2,120232217,120232648,SRR502327_peak_332,1041,.,26.2442,109.404,104.107,186,431
chr2,128028337,128028591,SRR502327_peak_333,114,.,6.56306,15.582,11.4063,73,254
chr2,131156510,131156835,SRR502327_peak_334,277,.,11.592,32.0938,27.7634,175,325
chr2,148614324,148614526,SRR502327_peak_335,112,.,6.27428,15.4058,11.233,141,202
chr2,151261692,151262035,SRR502327_peak_336,552,.,11.2872,60.0171,55.2229,188,343
chr2,151289688,151290264,SRR502327_peak_337,1349,.,25.6682,140.425,134.962,269,576
chr2,152694230,152694430,SRR502327_peak_338,92,.,7.25578,13.3455,9.20654,102,200
chr2,157822218,157822431,SRR502327_peak_339,135,.,8.17325,17.7109,13.5093,65,213
chr2,162318532,162318950,SRR502327_peak_340,938,.,25.9294,99.0334,93.8014,209,418
chr2,168999715,168999967,SRR502327_peak_341,147,.,7.53705,18.9599,14.742,130,252
chr2,178414597,178414958,SRR502327_peak_342,924,.,14.2791,97.6781,92.456,187,361
chr2,191013977,191014430,SRR502327_peak_343,685,.,17.4319,73.534,68.5271,267,453
chr2,191020191,191020687,SRR502327_peak_344,3010,.,33.57,307.269,301.0,204,496
chr2,191023452,191023672,SRR502327_peak_345,77,.,4.26712,11.8377,7.72819,71,220
chr2,200383625,200384121,SRR502327_peak_346,1656,.,29.6788,171.236,165.615,296,496
chr2,200408601,200408815,SRR502327_peak_347,50,.,4.52777,9.1204,5.09267,41,214
chr2,215831408,215831752,SRR502327_peak_348,525,.,13.6362,57.2582,52.5265,165,344
chr2,226772608,226772954,SRR502327_peak_349,328,.,10.2272,37.2561,32.8735,170,346
chr2,229921171,229921513,SRR502327_peak_350,234,.,13.4434,27.7666,23.4722,191,342
chr2,230219813,230220205,SRR502327_peak_351,1338,.,27.6194,139.359,133.9,188,392
chr2,230326972,230327290,SRR502327_peak_352,593,.,19.2781,64.1766,59.3135,161,318
chr2,230411789,230412064,SRR502327_peak_353,99,.,6.71115,14.1284,9.97448,121,275
chr2,230415959,230416367,SRR502327_peak_354,1448,.,38.9725,150.312,144.802,198,408
chr2,230706271,230706557,SRR502327_peak_355,247,.,14.1812,29.0116,24.7076,176,286
chr20,408258,408459,SRR502327_peak_356,204,.,11.9417,24.6764,20.4082,106,201
chr20,31058004,31058246,SRR502327_peak_357,61,.,2.99957,10.2333,6.16879,197,242
chr20,31068467,31068667,SRR502327_peak_358,77,.,2.98689,11.8783,7.7679,98,200
chr20,31071644,31071859,SRR502327_peak_359,69,.,3.36755,11.0413,6.95313,132,215
chr20,31072902,31073143,SRR502327_peak_360,101,.,3.91057,14.2905,10.1351,172,241
chr20,31157561,31157963,SRR502327_peak_361,46,.,2.68664,8.70093,4.69155,189,402
chr20,36950559,36951059,SRR502327_peak_362,329,.,9.14169,37.2905,32.9075,304,500
chr20,38122852,38123288,SRR502327_peak_363,1659,.,38.3251,171.602,165.981,219,436
chr20,47358597,47358807,SRR502327_peak_364,120,.,5.75928,16.2593,12.073,154,210
chr20,47487285,47487540,SRR502327_peak_365,183,.,7.4197,22.5994,18.349,114,255
chr20,49277969,49278260,SRR502327_peak_366,323,.,12.2649,36.6883,32.3187,162,291
chr20,49776386,49776682,SRR502327_peak_367,277,.,11.592,32.0938,27.7634,135,296
chr20,50366631,50366925,SRR502327_peak_368,195,.,9.45662,23.7875,19.5262,138,294
chr20,50483735,50483937,SRR502327_peak_369,80,.,4.85939,12.1567,8.04284,133,202
chr20,51826420,51826695,SRR502327_peak_370,217,.,13.0903,26.0393,21.7595,111,275
chr20,63574069,63574386,SRR502327_peak_371,283,.,14.4923,32.641,28.3051,151,317
chr21,10270045,10270536,SRR502327_peak_372,106,.,4.5217,14.8036,10.6415,170,491
chr21,10271857,10272092,SRR502327_peak_373,110,.,5.81544,15.1985,11.0281,174,235
chr21,10325646,10326145,SRR502327_peak_374,621,.,20.3258,67.0411,62.1192,194,499
chr21,14454256,14454592,SRR502327_peak_375,356,.,9.11085,40.0506,35.6301,179,336
chr21,15732356,15732675,SRR502327_peak_376,599,.,14.8394,64.7817,59.914,143,319
chr21,19458287,19458535,SRR502327_peak_377,122,.,8.88239,16.48,12.2914,114,248
chr21,21193315,21193539,SRR502327_peak_378,117,.,6.75736,15.9775,11.7969,82,224
chr21,29171098,29171323,SRR502327_peak_379,81,.,6.64551,12.3202,8.19995,74,225
chr21,33657156,33657531,SRR502327_peak_380,326,.,8.66277,36.9806,32.6017,191,375
chr21,34640297,34640572,SRR502327_peak_381,155,.,7.24442,19.7795,15.5547,91,275
chr21,37419506,37419876,SRR502327_peak_382,836,.,19.9222,88.7725,83.6222,182,370
chr21,38787639,38787937,SRR502327_peak_383,339,.,13.1172,38.3716,33.9735,124,298
chr21,41361763,41362130,SRR502327_peak_384,999,.,37.1484,105.186,99.9144,187,367
chr21,41420326,41420810,SRR502327_peak_385,1986,.,40.2842,204.463,198.677,248,484
chr21,41425896,41426471,SRR502327_peak_386,2382,.,58.3328,244.248,238.272,250,575
chr21,43352854,43353087,SRR502327_peak_387,127,.,8.87717,16.9448,12.7515,141,233
chr21,43855154,43855384,SRR502327_peak_388,72,.,3.55737,11.3338,7.23722,155,230
chr21,44594158,44594389,SRR502327_peak_389,216,.,8.60275,25.8834,21.6058,168,231
chr22,17243558,17243790,SRR502327_peak_390,113,.,7.7531,15.53,11.3546,130,232
chr22,18149870,18150296,SRR502327_peak_391,885,.,15.9813,93.6982,88.5057,193,426
chr22,18205408,18205619,SRR502327_peak_392,130,.,7.62631,17.2009,13.0029,190,211
chr22,18892313,18892529,SRR502327_peak_393,140,.,7.93136,18.2598,14.0498,180,216
chr22,18896268,18896470,SRR502327_peak_394,77,.,5.01331,11.8349,7.72564,175,202
chr22,19429780,19430165,SRR502327_peak_395,806,.,11.3274,85.7752,80.6487,186,385
chr22,20296531,20296838,SRR502327_peak_396,431,.,12.9041,47.6463,43.1167,159,307
chr22,27933195,27933461,SRR502327_peak_397,76,.,7.01241,11.731,7.62463,154,266
chr22,35376942,35377215,SRR502327_peak_398,120,.,5.75928,16.2593,12.073,115,273
chr22,35648222,35648561,SRR502327_peak_399,278,.,8.32546,32.174,27.8424,176,339
chr22,36239461,36239712,SRR502327_peak_400,145,.,6.61757,18.7958,14.5824,133,251
chr22,36252938,36253228,SRR502327_peak_401,203,.,7.82077,24.5715,20.305,138,290
chr22,38680444,38680739,SRR502327_peak_402,108,.,6.49746,15.015,10.8487,142,295
chr22,39675549,39675749,SRR502327_peak_403,107,.,8.72688,14.927,10.7631,89,200
chr22,39774020,39774260,SRR502327_peak_404,68,.,3.95692,10.9041,6.81889,117,240
chr22,40436669,40436907,SRR502327_peak_405,93,.,5.41438,13.4855,9.34306,147,238
chr22,50539223,50539991,SRR502327_peak_406,3680,.,43.4632,374.854,368.032,511,768
chr3,2479450,2479661,SRR502327_peak_407,94,.,8.18145,13.6424,9.49733,61,211
chr3,4525623,4525836,SRR502327_peak_408,90,.,5.97766,13.1414,9.00522,142,213
chr3,5140970,5141194,SRR502327_peak_409,167,.,8.84894,21.002,16.7656,141,224
chr3,5149325,5149893,SRR502327_peak_410,3211,.,39.2812,327.601,321.159,297,568
chr3,5497527,5497832,SRR502327_peak_411,378,.,12.0838,42.3282,37.879,158,305
chr3,28348388,28348841,SRR502327_peak_412,524,.,15.8538,57.1981,52.4683,274,453
chr3,36907926,36908365,SRR502327_peak_413,1153,.,17.2317,120.691,115.327,217,439
chr3,38138449,38138716,SRR502327_peak_414,149,.,7.2038,19.2152,14.9951,130,267
chr3,39146080,39146285,SRR502327_peak_415,89,.,7.09294,13.0738,8.94059,55,205
chr3,39177778,39178050,SRR502327_peak_416,67,.,5.60136,10.8724,6.78764,103,272
chr3,46111123,46111531,SRR502327_peak_417,1401,.,28.5249,145.605,140.116,197,408
chr3,46118357,46118643,SRR502327_peak_418,76,.,6.75996,11.7064,7.60154,170,286
chr3,47347290,47347543,SRR502327_peak_419,101,.,4.19157,14.2567,10.1017,130,253
chr3,48472863,48473299,SRR502327_peak_420,2160,.,42.8832,221.973,216.094,247,436
chr3,58325462,58325850,SRR502327_peak_421,697,.,25.5962,74.7884,69.763,199,388
chr3,69791958,69792350,SRR502327_peak_422,1218,.,17.87,127.218,121.819,196,392
chr3,122564099,122564562,SRR502327_peak_423,2042,.,45.7578,210.103,204.285,222,463
chr3,122680597,122681003,SRR502327_peak_424,1319,.,29.8883,137.426,131.977,195,406
chr3,125155020,125155270,SRR502327_peak_425,124,.,8.12229,16.6413,12.4506,125,250
chr3,128843328,128843539,SRR502327_peak_426,80,.,6.10105,12.1744,8.05874,76,211
chr3,141294330,141294622,SRR502327_peak_427,280,.,9.96108,32.393,28.0606,168,292
chr3,142446060,142446269,SRR502327_peak_428,129,.,7.86804,17.1624,12.966,78,209
chr3,146544439,146544951,SRR502327_peak_429,3250,.,45.1743,331.57,325.098,233,512
chr3,152201126,152201351,SRR502327_peak_430,128,.,7.52176,17.0049,12.8098,154,225
chr3,171184434,171184679,SRR502327_peak_431,206,.,10.7067,24.9166,20.6463,114,245
chr3,172179756,172180127,SRR502327_peak_432,902,.,14.6789,95.4175,90.2124,197,371
chr3,172523327,172523571,SRR502327_peak_433,91,.,5.65971,13.2722,9.13459,141,244
chr3,172592267,172592535,SRR502327_peak_434,189,.,10.4059,23.2319,18.975,111,268
chr3,172594609,172594946,SRR502327_peak_435,512,.,12.5984,55.9258,51.2289,184,337
chr3,179451567,179451903,SRR502327_peak_436,98,.,6.88454,14.0083,9.85981,152,336
chr3,183553661,183553952,SRR502327_peak_437,112,.,5.5793,15.4106,11.2372,198,291
chr3,187368242,187368554,SRR502327_peak_438,173,.,10.7524,21.5855,17.3439,173,312
chr3,197712335,197712669,SRR502327_peak_439,349,.,9.46817,39.3918,34.9859,189,334
chr3,197848116,197848390,SRR502327_peak_440,237,.,9.05553,28.0112,23.7155,160,274
chr4,15005041,15005336,SRR502327_peak_441,63,.,5.19797,10.4703,6.39538,157,295
chr4,17576765,17577200,SRR502327_peak_442,2229,.,34.1957,228.819,222.905,242,435
chr4,24584613,24584947,SRR502327_peak_443,192,.,7.1991,23.4951,19.2369,159,334
chr4,26197446,26197765,SRR502327_peak_444,217,.,13.0903,26.0393,21.7595,140,319
chr4,38283741,38284102,SRR502327_peak_445,537,.,13.8367,58.4968,53.7358,181,361
chr4,49100119,49100355,SRR502327_peak_446,98,.,3.41246,13.9756,9.82749,55,236
chr4,49117546,49117746,SRR502327_peak_447,47,.,3.06415,8.76513,4.75278,165,200
chr4,49711226,49711547,SRR502327_peak_448,158,.,2.65776,20.1007,15.8719,171,321
chr4,54005539,54005798,SRR502327_peak_449,217,.,13.0903,26.0393,21.7595,108,259
chr4,63938098,63938300,SRR502327_peak_450,70,.,7.09059,11.1585,7.06744,59,202
chr4,76028216,76028434,SRR502327_peak_451,135,.,8.49149,17.7719,13.5679,150,218
chr4,77734975,77735236,SRR502327_peak_452,201,.,7.01951,24.4339,20.1686,130,261
chr4,88379176,88379632,SRR502327_peak_453,3162,.,38.8331,322.612,316.215,240,456
chr4,88382736,88383069,SRR502327_peak_454,376,.,15.5062,42.1013,37.6536,149,333
chr4,88456837,88457062,SRR502327_peak_455,87,.,7.47991,12.8805,8.74991,110,225
chr4,88549808,88550150,SRR502327_peak_456,699,.,23.6285,74.945,69.9185,184,342
chr4,109994463,109994702,SRR502327_peak_457,108,.,6.49746,15.015,10.8487,90,239
chr4,121801000,121801330,SRR502327_peak_458,403,.,9.36014,44.884,40.3891,155,330
chr4,122747176,122747408,SRR502327_peak_459,53,.,5.18589,9.40332,5.36385,92,232
chr4,139314834,139315216,SRR502327_peak_460,277,.,11.592,32.0938,27.7634,193,382
chr4,140837368,140837725,SRR502327_peak_461,206,.,9.76167,24.9361,20.6647,182,357
chr4,143513387,143513722,SRR502327_peak_462,560,.,11.9487,60.8551,56.0563,153,335
chr4,154473641,154473843,SRR502327_peak_463,69,.,4.4076,11.0125,6.92599,111,202
chr4,158535294,158535537,SRR502327_peak_464,66,.,4.98054,10.7248,6.64205,101,243
chr4,168318615,168319072,SRR502327_peak_465,2764,.,76.2016,282.576,276.445,206,457
chr4,168480335,168480763,SRR502327_peak_466,1409,.,26.4703,146.485,140.993,234,428
chr4,168480949,168481340,SRR502327_peak_467,210,.,9.09644,25.3082,21.0351,216,391
chr4,169626989,169627237,SRR502327_peak_468,123,.,5.55031,16.496,12.3069,78,248
chr4,174154529,174154782,SRR502327_peak_469,135,.,8.49149,17.7719,13.5679,111,253
chr4,184474624,184474958,SRR502327_peak_470,431,.,12.9041,47.6463,43.1167,154,334
chr4,185232271,185232562,SRR502327_peak_471,135,.,9.34989,17.7257,13.5229,118,291
chr4,189233449,189235609,SRR502327_peak_472,297,.,14.9598,34.0901,29.7415,492,2160
chr5,3323704,3323979,SRR502327_peak_473,108,.,7.44021,14.9884,10.8236,101,275
chr5,5523074,5523591,SRR502327_peak_474,1933,.,28.8943,199.13,193.371,242,517
chr5,10627654,10627939,SRR502327_peak_475,188,.,5.44903,23.0971,18.8427,133,285
chr5,39076924,39077572,SRR502327_peak_476,2463,.,44.6367,252.341,246.337,231,648
chr5,39502083,39502378,SRR502327_peak_477,218,.,11.0759,26.1619,21.8807,136,295
chr5,49601616,49601826,SRR502327_peak_478,40,.,1.74456,8.00265,4.02372,35,210
chr5,49601911,49602160,SRR502327_peak_479,55,.,1.89534,9.63396,5.5848,138,249
chr5,49659303,49659622,SRR502327_peak_480,105,.,2.77298,14.6796,10.5186,81,319
chr5,49666851,49667208,SRR502327_peak_481,68,.,2.35118,10.9681,6.88256,110,357
chr5,67396774,67397020,SRR502327_peak_482,120,.,9.27232,16.2378,12.0524,178,246
chr5,78360188,78360521,SRR502327_peak_483,217,.,11.3258,25.9963,21.7181,160,333
chr5,82285314,82285603,SRR502327_peak_484,199,.,9.11641,24.2386,19.9748,146,289
chr5,82467190,82467517,SRR502327_peak_485,387,.,10.6187,43.2287,38.7593,166,327
chr5,85647712,85648232,SRR502327_peak_486,2338,.,49.5278,239.802,233.841,270,520
chr5,95543352,95543616,SRR502327_peak_487,195,.,9.45662,23.7875,19.5262,130,264
chr5,96934992,96935266,SRR502327_peak_488,210,.,9.09644,25.3082,21.0351,112,274
chr5,100646623,100646965,SRR502327_peak_489,199,.,11.6874,24.2522,19.9877,167,342
chr5,104089213,104089476,SRR502327_peak_490,129,.,6.87037,17.1098,12.9141,118,263
chr5,126520291,126520600,SRR502327_peak_491,339,.,9.30493,38.3374,33.9404,150,309
chr5,132410740,132411089,SRR502327_peak_492,314,.,12.5071,35.8289,31.4628,173,349
chr5,132490731,132491076,SRR502327_peak_493,467,.,13.5833,51.3591,46.7634,157,345
chr5,132496867,132497261,SRR502327_peak_494,1085,.,22.0586,113.849,108.523,183,394
chr5,132862324,132862550,SRR502327_peak_495,147,.,7.53705,18.9599,14.742,137,226
chr5,139385070,139385494,SRR502327_peak_496,91,.,5.65971,13.2722,9.13459,315,424
chr5,139492766,139493002,SRR502327_peak_497,160,.,9.95704,20.2604,16.0315,115,236
chr6,10838448,10838785,SRR502327_peak_498,430,.,12.032,47.5853,43.0563,171,337
chr6,16236628,16237069,SRR502327_peak_499,1705,.,18.9864,176.236,170.591,207,441
chr6,17910275,17910541,SRR502327_peak_500,210,.,7.18275,25.3689,21.0951,141,266
chr6,24721284,24721686,SRR502327_peak_501,951,.,15.1895,100.36,95.1184,165,402
chr6,25962659,25962879,SRR502327_peak_502,102,.,4.92882,14.4009,10.2441,122,220
chr6,28343886,28344143,SRR502327_peak_503,127,.,7.01725,16.9561,12.7617,108,257
chr6,28727667,28727937,SRR502327_peak_504,147,.,5.36099,18.9836,14.7654,111,270
chr6,30489191,30489530,SRR502327_peak_505,382,.,6.77931,42.6549,38.205,168,339
chr6,32838686,32838961,SRR502327_peak_506,402,.,10.2844,44.7722,40.2775,135,275
chr6,32853643,32854136,SRR502327_peak_507,844,.,21.8315,89.5653,84.4077,187,493
chr6,33578621,33578905,SRR502327_peak_508,135,.,8.49149,17.7719,13.5679,132,284
chr6,34576577,34576843,SRR502327_peak_509,299,.,13.1089,34.2642,29.9149,149,266
chr6,37433095,37433440,SRR502327_peak_510,888,.,19.2511,94.0504,88.8554,184,345
chr6,42045579,42045944,SRR502327_peak_511,905,.,21.379,95.7706,90.5621,181,365
chr6,43629966,43630380,SRR502327_peak_512,1232,.,13.4779,128.65,123.242,189,414
chr6,43926677,43926919,SRR502327_peak_513,106,.,4.5217,14.8036,10.6415,100,242
chr6,47414681,47415152,SRR502327_peak_514,1498,.,30.4419,155.37,149.834,244,471
chr6,57069278,57069749,SRR502327_peak_515,1623,.,43.565,167.955,162.353,273,471
chr6,61322874,61323241,SRR502327_peak_516,326,.,15.8948,37.0279,32.6476,147,367
chr6,67064280,67064626,SRR502327_peak_517,268,.,14.0248,31.2057,26.8838,199,346
chr6,81753124,81753420,SRR502327_peak_518,184,.,9.15157,22.6526,18.4012,113,296
chr6,81938394,81938665,SRR502327_peak_519,164,.,7.01864,20.6733,16.4395,133,271
chr6,84062840,84063169,SRR502327_peak_520,199,.,7.12109,24.2418,19.9779,174,329
chr6,87997684,87998162,SRR502327_peak_521,942,.,36.1323,99.5097,94.2761,192,478
chr6,98833951,98834311,SRR502327_peak_522,772,.,24.1792,82.382,77.2836,192,360
chr6,100258029,100258386,SRR502327_peak_523,387,.,9.55892,43.1839,38.7149,148,357
chr6,109304454,109304756,SRR502327_peak_524,313,.,7.78619,35.7064,31.3418,167,302
chr6,119312958,119313159,SRR502327_peak_525,155,.,6.81811,19.7283,15.5042,102,201
chr6,119467535,119467747,SRR502327_peak_526,152,.,8.85739,19.434,15.2115,113,212
chr6,125919055,125919375,SRR502327_peak_527,250,.,8.27896,29.3792,25.0728,141,320
chr6,137722690,137722982,SRR502327_peak_528,108,.,6.11248,15.0557,10.8882,149,292
chr6,143200567,143200888,SRR502327_peak_529,266,.,10.3959,30.9377,26.6181,160,321
chr6,143732507,143732807,SRR502327_peak_530,226,.,8.82914,26.9419,22.6553,129,300
chr6,147240649,147240996,SRR502327_peak_531,337,.,11.093,38.0877,33.7006,176,347
chr6,150559899,150560295,SRR502327_peak_532,492,.,14.0361,53.8703,49.2111,221,396
chr6,158854458,158854661,SRR502327_peak_533,95,.,4.46749,13.6771,9.5317,89,203
chr6,159042497,159042728,SRR502327_peak_534,160,.,5.78126,20.3301,16.0993,165,231
chr6,163460376,163460613,SRR502327_peak_535,123,.,6.81549,16.5438,12.3545,151,237
chr6,167840861,167841229,SRR502327_peak_536,1083,.,17.3438,113.663,108.34,185,368
chr6,169452076,169452346,SRR502327_peak_537,184,.,6.4224,22.7073,18.4556,138,270
chr7,2405974,2406322,SRR502327_peak_538,253,.,8.82343,29.6887,25.38,173,348
chr7,4968443,4968645,SRR502327_peak_539,77,.,5.01331,11.8349,7.72564,96,202
chr7,8765458,8765738,SRR502327_peak_540,260,.,8.45894,30.3936,26.0795,132,280
chr7,22700779,22700998,SRR502327_peak_541,180,.,9.53546,22.2593,18.0115,124,219
chr7,33039584,33039903,SRR502327_peak_542,206,.,9.76167,24.9361,20.6647,152,319
chr7,36312610,36312810,SRR502327_peak_543,72,.,4.67941,11.3809,7.28136,128,200
chr7,36404782,36405153,SRR502327_peak_544,624,.,15.2405,67.337,62.4124,188,371
chr7,36597267,36597539,SRR502327_peak_545,122,.,8.88239,16.48,12.2914,91,272
chr7,38463625,38463927,SRR502327_peak_546,314,.,12.5071,35.8289,31.4628,150,302
chr7,50112671,50112898,SRR502327_peak_547,76,.,7.01241,11.731,7.62463,116,227
chr7,51104815,51105145,SRR502327_peak_548,151,.,8.23641,19.335,15.1135,184,330
chr7,55962035,55962437,SRR502327_peak_549,858,.,22.0914,91.0404,85.87,182,402
chr7,74254813,74255097,SRR502327_peak_550,67,.,5.60136,10.8724,6.78764,125,284
chr7,74650075,74650343,SRR502327_peak_551,336,.,8.81213,37.9967,33.6106,137,268
chr7,88205185,88205576,SRR502327_peak_552,1815,.,37.6853,187.233,181.531,191,391
chr7,93117869,93118327,SRR502327_peak_553,1308,.,27.1666,136.257,130.812,256,458
chr7,93147501,93147884,SRR502327_peak_554,834,.,18.449,88.5505,83.4022,174,383
chr7,100901924,100902229,SRR502327_peak_555,362,.,10.8288,40.6288,36.2044,171,305
chr7,101085334,101085730,SRR502327_peak_556,554,.,15.168,60.2678,55.4717,163,396
chr7,106283911,106284300,SRR502327_peak_557,515,.,9.58383,56.2639,51.5647,167,389
chr7,113519544,113519943,SRR502327_peak_558,1076,.,36.9321,112.973,107.654,225,399
chr7,120999977,121000351,SRR502327_peak_559,645,.,10.5837,69.554,64.5992,184,374
chr7,121026134,121026494,SRR502327_peak_560,442,.,12.2325,48.7705,44.214,189,360
chr7,128532498,128532712,SRR502327_peak_561,133,.,7.06791,17.5211,13.3212,98,214
chr7,135147793,135148236,SRR502327_peak_562,1647,.,25.7926,170.338,164.724,213,443
chr7,135575248,135575634,SRR502327_peak_563,639,.,19.1104,68.9029,63.9524,194,386
chr7,138212355,138212618,SRR502327_peak_564,161,.,8.54146,20.4259,16.1938,134,263
chr7,139044111,139044721,SRR502327_peak_565,572,.,8.71323,62.1177,57.2886,192,610
chr7,139109129,139109588,SRR502327_peak_566,1751,.,26.9353,180.836,175.168,247,459
chr7,139112000,139112209,SRR502327_peak_567,138,.,6.32846,18.0951,13.8873,88,209
chr7,140062732,140063151,SRR502327_peak_568,1539,.,36.2614,159.526,153.972,205,419
chr7,142838607,142838808,SRR502327_peak_569,120,.,5.75928,16.2593,12.073,106,201
chr7,143426458,143426819,SRR502327_peak_570,381,.,9.95791,42.5988,38.1491,189,361
chr7,150406936,150407209,SRR502327_peak_571,154,.,4.84548,19.6324,15.4091,145,273
chr7,151349938,151350447,SRR502327_peak_572,1153,.,17.2317,120.691,115.327,210,509
chr7,157035355,157035606,SRR502327_peak_573,88,.,5.03937,12.9481,8.81594,147,251
chr8,10630376,10630747,SRR502327_peak_574,844,.,21.8315,89.5653,84.4077,162,371
chr8,26292998,26293286,SRR502327_peak_575,226,.,6.1292,26.9095,22.6238,155,288
chr8,30655951,30656193,SRR502327_peak_576,193,.,6.57176,23.5967,19.3376,167,242
chr8,42217104,42217402,SRR502327_peak_577,223,.,8.22183,26.5874,22.3025,126,298
chr8,89983956,89984251,SRR502327_peak_578,241,.,6.54457,28.4374,24.1387,127,295
chr8,94819411,94819645,SRR502327_peak_579,80,.,4.85939,12.1567,8.04284,120,234
chr8,98306199,98306448,SRR502327_peak_580,131,.,4.79192,17.3868,13.1876,108,249
chr8,99596512,99596712,SRR502327_peak_581,130,.,8.47886,17.2533,13.055,97,200
chr8,102655751,102655951,SRR502327_peak_582,90,.,6.4061,13.1414,9.00522,118,200
chr8,104617869,104618124,SRR502327_peak_583,251,.,6.46352,29.4757,25.169,130,255
chr8,123037559,123037931,SRR502327_peak_584,509,.,9.87635,55.6063,50.9127,197,372
chr8,123268984,123269244,SRR502327_peak_585,145,.,7.01804,18.8065,14.5923,115,260
chr8,143024016,143024426,SRR502327_peak_586,1550,.,42.0882,160.62,155.058,215,410
chr8,143026342,143026792,SRR502327_peak_587,2560,.,61.6556,262.064,256.02,213,450
chr8,143986238,143986649,SRR502327_peak_588,611,.,15.0399,66.0564,61.16,212,411
chr9,14522569,14522962,SRR502327_peak_589,489,.,12.2385,53.5582,48.9016,177,393
chr9,15296196,15296460,SRR502327_peak_590,130,.,7.62631,17.2009,13.0029,140,264
chr9,26954081,26954429,SRR502327_peak_591,397,.,13.2548,44.224,39.7493,178,348
chr9,32525937,32526811,SRR502327_peak_592,1671,.,32.3735,172.745,167.117,366,874
chr9,32529514,32529807,SRR502327_peak_593,172,.,8.84652,21.5319,17.2918,120,293
chr9,33264911,33265194,SRR502327_peak_594,291,.,8.99887,33.4909,29.151,153,283
chr9,37197196,37197521,SRR502327_peak_595,165,.,4.6527,20.8255,16.5899,176,325
chr9,37587600,37587899,SRR502327_peak_596,212,.,8.0213,25.5741,21.2986,145,299
chr9,60659008,60659276,SRR502327_peak_597,54,.,6.07743,9.51721,5.47359,94,268
chr9,64117348,64117556,SRR502327_peak_598,108,.,6.49746,15.015,10.8487,71,208
chr9,71895146,71895378,SRR502327_peak_599,119,.,8.09346,16.1122,11.9296,108,232
chr9,73132545,73132790,SRR502327_peak_600,130,.,7.62631,17.2009,13.0029,164,245
chr9,87674637,87675016,SRR502327_peak_601,583,.,12.2474,63.1672,58.3314,154,379
chr9,87792873,87793161,SRR502327_peak_602,150,.,5.23566,19.3061,15.0854,158,288
chr9,88766813,88767067,SRR502327_peak_603,127,.,6.56526,16.9019,12.7088,163,254
chr9,91906169,91906410,SRR502327_peak_604,167,.,8.05685,21.0223,16.7849,126,241
chr9,97412077,97412315,SRR502327_peak_605,102,.,7.65887,14.4556,10.2968,63,238
chr9,97943322,97943642,SRR502327_peak_606,87,.,3.98199,12.921,8.78958,97,320
chr9,98119033,98119456,SRR502327_peak_607,408,.,15.6654,45.3614,40.8628,233,423
chr9,100210071,100210373,SRR502327_peak_608,232,.,6.42558,27.5653,23.2717,154,302
chr9,101840759,101841187,SRR502327_peak_609,926,.,14.9342,97.8812,92.6584,245,428
chr9,124202476,124202680,SRR502327_peak_610,34,.,3.43524,7.39297,3.45136,47,204
chr9,124367543,124367863,SRR502327_peak_611,306,.,15.1056,35.0096,30.6561,178,320
chr9,133123095,133123359,SRR502327_peak_612,155,.,6.81811,19.7283,15.5042,127,264
chrM,165,401,SRR502327_peak_613,130,.,1.64272,17.2965,13.0978,110,236
chrM,3138,3447,SRR502327_peak_614,61,.,1.45097,10.2191,6.15482,150,309
chrM,9779,10118,SRR502327_peak_615,76,.,1.4903,11.7725,7.66501,167,339
chrM,10299,10876,SRR502327_peak_616,82,.,1.50416,12.3385,8.21827,116,577
chrM,11185,11544,SRR502327_peak_617,40,.,1.38978,8.00865,4.02893,169,359
chrM,11825,12069,SRR502327_peak_618,66,.,1.46408,10.7255,6.64271,137,244
chrM,12432,12947,SRR502327_peak_619,83,.,1.50778,12.4955,8.37136,166,515
chrM,13837,14065,SRR502327_peak_620,55,.,1.43828,9.63268,5.58353,170,228
chrM,15008,15286,SRR502327_peak_621,78,.,1.49467,11.9514,7.84049,183,278
chrM,15484,16379,SRR502327_peak_622,179,.,1.70882,22.1762,17.9287,610,895
chrX,11367684,11367896,SRR502327_peak_623,96,.,5.21934,13.7546,9.60809,131,212
chrX,15151629,15151914,SRR502327_peak_624,186,.,11.2199,22.91,18.6561,122,285
chrX,23773571,23773873,SRR502327_peak_625,206,.,9.76167,24.9361,20.6647,140,302
chrX,40644788,40645092,SRR502327_peak_626,113,.,7.7531,15.53,11.3546,150,304
chrX,41010138,41010438,SRR502327_peak_627,327,.,12.8122,37.0952,32.7134,168,300
chrX,41331498,41331885,SRR502327_peak_628,594,.,18.9132,64.3015,59.4364,181,387
chrX,54007773,54007981,SRR502327_peak_629,107,.,8.72688,14.927,10.7631,93,208
chrX,100567962,100568217,SRR502327_peak_630,160,.,10.9086,20.3133,16.0828,61,255
chrX,100576899,100577160,SRR502327_peak_631,311,.,16.2197,35.5495,31.1879,173,261
chrX,108219982,108220348,SRR502327_peak_632,147,.,8.86068,18.9207,14.7047,148,366
chrX,118884468,118885099,SRR502327_peak_633,1630,.,34.8264,168.626,163.021,283,631
chrX,120485688,120485892,SRR502327_peak_634,90,.,5.97766,13.1414,9.00522,111,204
chrX,152713192,152713487,SRR502327_peak_635,127,.,6.56526,16.9019,12.7088,125,295
chrX,152754958,152755302,SRR502327_peak_636,282,.,12.9218,32.5928,28.2583,175,344
chrX,153726904,153727121,SRR502327_peak_637,120,.,5.75928,16.2593,12.073,91,217
chrX,154785979,154786278,SRR502327_peak_638,106,.,5.22382,14.861,10.6982,122,299
chrY,10816355,10816555,SRR502327_peak_639,88,.,6.5567,12.9958,8.86302,53,200
chrY,11533981,11534779,SRR502327_peak_640,142,.,9.51342,18.4893,14.2779,307,798
chrY,11538998,11539686,SRR502327_peak_641,172,.,8.84652,21.5319,17.2918,277,688
chrY,11546550,11546906,SRR502327_peak_642,52,.,6.13242,9.29294,5.26034,121,356
chrY,11563302,11563684,SRR502327_peak_643,122,.,8.88239,16.48,12.2914,187,382
chrY,11584093,11584306,SRR502327_peak_644,81,.,6.64551,12.3202,8.19995,26,213
chrY,11705263,11705463,SRR502327_peak_645,42,.,4.55306,8.24258,4.25375,174,200
chrY,56673123,56771620,SRR502327_peak_646,1261,.,45.2707,131.522,126.101,61668,98497
